Ano;Mês;Table Names;Taxa SELIC % retorno mensal;Taxa SELIC % a.a.(4);Meta SELIC % a.a. (1)(6);Corr Retorno Mensal(%);% Valor DI;% Valor IPCA;Fechamento;Variação;Volume
2011;JUN;SMAL11;;;;-5,32;;;60473,2;-75,88;5894892000
2021;MAR;SMAL11;;;;9,76;;;130622,8;244,26;7009320000
2019;NOV;SMAL11;;;;10,28;;;107463,6;248,7;2823861200
2015;AGO;SMAL11;;;;-18,9;;;38633,78;-178,82;0
2011;JAN;SMAL11;;;;-17,1;;;59419,72;-239,36;2775228200
2023;MAR;SMAL11;;;;-1,52;;;51758,88;-32,24;0
2016;SET;SMAL11;;;;0,640000000;;;51994,52;4,77;3870214100
2017;MAI;SMAL11;;;;-0,780000000;;;63546,36;-29,06;4812961300
2017;MAR;SMAL11;;;;-3,92;;;60810,61;-54,56;4412880900
2014;FEV;SMAL11;;;;-1,76;;;49371,82;-23,84;5154076200
2016;DEZ;SMAL11;;;;-0,870000000;;;48658,96;-13,57;3218326800
2013;JUL;SMAL11;;;;1,55;;;78315,87;16,06;15018087700
2021;JUL;SMAL11;;;;-5,82;;;71131,73;-182,28;2283669400
2017;OUT;SMAL11;;;;-2,82;;;72210,06;-47,94;3891973200
2011;OUT;SMAL11;;;;13,74;;;49857,74;158,82;3609865200
2022;MAR;SMAL11;;;;8,89;;;54151,86;204,34;5639947800
2013;FEV;SMAL11;;;;0,38;;;64792,8;5,74;5207066800
2021;SET;SMAL11;;;;-6,31;;;60531,56;-183,2;3907003000
2023;ABR;SMAL11;;;;2,12;;;36444,89;34,7;0
2012;AGO;SMAL11;;;;15,44;;;63467,32;209,88;7831740000
2018;JUL;SMAL11;;;;10,06;;;69496,82;153,74;2961444200
2019;MAI;SMAL11;;;;4,06;;;90567,52;72,36;2291627000
2019;FEV;SMAL11;;;;-3,44;;;83629,3;-70,37;5318595600
2013;NOV;SMAL11;;;;-1,7;;;55262,66;-25,94;6578835200
2011;FEV;SMAL11;;;;3,61;;;56735,61;43,38;2927001800
2016;JUL;SMAL11;;;;27,54;;;45066,86;290,56;5791456200
2020;FEV;SMAL11;;;;-17,52;;;114013,94;-506,34;3717331800
2012;JUN;SMAL11;;;;2,08;;;56281,4;21,64;5176352800
2014;SET;SMAL11;;;;-19,24;;;55639,44;-248,04;3788694200
2012;JUL;SMAL11;;;;4,68;;;58206,84;57,01;5135785100
2018;FEV;SMAL11;;;;-0,450000000;;;77028,24;-10,93;3081867900
2021;ABR;SMAL11;;;;8,68;;;122169,58;244,94;6844186200
2019;DEZ;SMAL11;;;;23,94;;;118557,92;636,12;3233610400
2012;NOV;SMAL11;;;;-1,1;;;66791,42;-17,92;5288972000
2022;OUT;SMAL11;;;;7,44;;;47615,83;158,85;893389700
2013;OUT;SMAL11;;;;-1,46;;;63881,41;-21,13;18937127400
2018;AGO;SMAL11;;;;-9,81;;;73503,83;-158,67;4353087700
2013;JUN;SMAL11;;;;-20,7;;;54272,68;-291,2;13537297400
2016;NOV;SMAL11;;;;-17,12;;;49713,6;-207;4213642600
2018;JAN;SMAL11;;;;8,66;;;81324,94;144,02;3477040600
2020;JUN;SMAL11;;;;28,1;;;97742,86;567,96;8590512600
2019;ABR;SMAL11;;;;3,4;;;85432,78;64,22;2196248400
2020;OUT;SMAL11;;;;-3,67;;;107403,61;-95,57;5907400300
2017;FEV;SMAL11;;;;11,2;;;56833,68;141,22;3854185600
2011;MAR;SMAL11;;;;12,3;;;62408,52;166,66;2807158400
2015;SET;SMAL11;;;;-4,08;;;39727,59;-38,67;0
2012;ABR;SMAL11;;;;0,37;;;61774,55;3,630000000;3719470500
2013;DEZ;SMAL11;;;;-3,4;;;59527,36;-46,3;4804239800
2022;JUL;SMAL11;;;;5,23;;;40561,42;97,95;2821959600
2022;MAI;SMAL11;;;;-1,5;;;49132,34;-42,18;4632342200
2013;MAR;SMAL11;;;;-7,76;;;66674,28;-119,62;5416505200
2021;JUN;SMAL11;;;;2,74;;;139902,98;80,36;5406087200
2014;MAI;SMAL11;;;;2,24;;;54695,36;26,22;7725296800
2016;MAR;SMAL11;;;;24,45;;;41915,35;202,99;6804108800
2015;JAN;SMAL11;;;;-25,22;;;44604,1;-262,14;3608034400
2016;AGO;SMAL11;;;;0,52;;;52870,46;4,200000000;6717874600
2017;ABR;SMAL11;;;;6,9;;;51711,36;88,66;574124400
2017;NOV;SMAL11;;;;-4,24;;;77021,67;-72,27;3433472000
2019;OUT;SMAL11;;;;4,2;;;115227,74;95,660000000;3081570900
2020;NOV;SMAL11;;;;31,5;;;105244,7;755,1;5673525000
2015;ABR;SMAL11;;;;6,08;;;50890,14;61,78;3682142400
2012;MAI;SMAL11;;;;-22,96;;;62259,62;-320,44;7318292800
2021;NOV;SMAL11;;;;-1,89;;;55720,42;-53,29;3714495400
2017;JUN;SMAL11;;;;0,880000000;;;58027,76;10,42;3079409800
2016;JAN;SMAL11;;;;-17,14;;;38117,88;-142,78;3530721000
2011;NOV;SMAL11;;;;-7,38;;;53744,05;-92,89;3903259700
2018;JUN;SMAL11;;;;-6,96;;;63681,26;-114,88;4297511800
2017;SET;SMAL11;;;;7,44;;;68026,44;114,44;4105434400
2018;SET;SMAL11;;;;-3,7;;;59040,64;-59,68;3799456200
2015;OUT;SMAL11;;;;11,12;;;40469,8;95,5;678261600
2014;JUL;SMAL11;;;;-7,41;;;61291,55;-94,03;6205088400
2023;MAI;SMAL11;;;;12,95;;;47620,74;250,92;0
2012;JAN;SMAL11;;;;17,02;;;56178,99;210,65;5059687900
2021;AGO;SMAL11;;;;-3,66;;;63363,07;-113,27;3001310300
2019;JUL;SMAL11;;;;13,28;;;103197,46;289,3;2241447600
2012;FEV;SMAL11;;;;18,2;;;60788,14;245,14;4268114800
2013;SET;SMAL11;;;;10,32;;;57063,86;134,42;17879669400
2015;FEV;SMAL11;;;;11,32;;;41687,22;108,56;3371836400
2011;ABR;SMAL11;;;;0,200000000;;;59804,3;1,24;2427894000
2020;MAR;SMAL11;;;;-70,3;;;87477,52;-1801,88;7082068400
2021;OUT;SMAL11;;;;-12,81;;;54290,44;-333,93;4152920100
2012;OUT;SMAL11;;;;-1,94;;;69385,26;-29,86;5267528300
2016;OUT;SMAL11;;;;13,62;;;50227,54;159,84;3631441200
2016;ABR;SMAL11;;;;11,24;;;39040,4;99;6075303800
2013;AGO;SMAL11;;;;-3,66;;;57193,46;-51,38;19487097600
2020;DEZ;SMAL11;;;;14,42;;;132532,76;388,5;5338734600
2014;DEZ;SMAL11;;;;-14,57;;;53118,02;-168,51;3799149600
2014;OUT;SMAL11;;;;-4,93;;;59540,75;-69,16;4309217100
2017;AGO;SMAL11;;;;17,25;;;69910,24;256,69;3980995100
2020;JUL;SMAL11;;;;19,12;;;114719,31;440,79;7567126300
2013;ABR;SMAL11;;;;0,220000000;;;66091,29;0,110000000;6537706600
2020;MAI;SMAL11;;;;11,22;;;75809,34;190,04;6670969800
2013;JAN;SMAL11;;;;0,39;;;72410,97;3,36;6459151600
2014;JUN;SMAL11;;;;5,56;;;56424,9;68,32;4584252400
2019;JUN;SMAL11;;;;13,68;;;83134,46;279,66;1931731600
2011;DEZ;SMAL11;;;;1,76;;;52932,52;18,86;4118886000
2023;FEV;SMAL11;;;;-10,96;;;40622,15;-217,46;0
2022;AGO;SMAL11;;;;10,72;;;50658,87;217,71;3986425300
2015;DEZ;SMAL11;;;;-10,61;;;42268,65;-95,4;3695513200
2021;DEZ;SMAL11;;;;4,05;;;51840,99;86,53;3884960500
2017;DEZ;SMAL11;;;;13,68;;;66948,12;218,24;321290400
2021;MAI;SMAL11;;;;12,58;;;130857,64;369,06;5382278400
2019;SET;SMAL11;;;;4,28;;;96223,68;95,56;2636883400
2018;MAR;SMAL11;;;;0,220000000;;;76215,96;2,600000000;3606991400
2015;MAI;SMAL11;;;;-4,66;;;44497,04;-50,04;0
2022;NOV;SMAL11;;;;-11,34;;;47676,37;-261,99;0
2018;DEZ;SMAL11;;;;4,32;;;77291,4;73,8;4465065200
2022;ABR;SMAL11;;;;-8,53;;;50762,5;-210,97;4251287200
2022;JUN;SMAL11;;;;-17,53;;;45241,84;-370,66;2997335800
2022;DEZ;SMAL11;;;;-2,7;;;43120,07;-62,38;0
2015;NOV;SMAL11;;;;-3,68;;;39564,46;-36,98;4087162800
2022;FEV;SMAL11;;;;-5,19;;;47219,7;-126,96;4935451440
2021;FEV;SMAL11;;;;-3,36;;;112822,66;-100,2;7133211800
2020;AGO;SMAL11;;;;-2,36;;;103193,22;-60,84;3479402200
2014;MAR;SMAL11;;;;8,7;;;49557,2;103,32;4820123400
2014;AGO;SMAL11;;;;14,66;;;52617,76;185,36;5949890600
2017;JAN;SMAL11;;;;22,16;;;52473,48;255,72;4528304600
2020;JAN;SMAL11;;;;-0,420000000;;;138360,55;-22,82;5026703700
2016;MAI;SMAL11;;;;-8,24;;;40955,82;-79,5;5574140000
2013;MAI;SMAL11;;;;-3,9;;;68543,28;-59,04;12848230400
2012;DEZ;SMAL11;;;;12,66;;;63069,88;188,84;5656011400
2014;ABR;SMAL11;;;;-1,96;;;55473,41;-25,93;4886555600
2011;JUL;SMAL11;;;;-13,06;;;55711,02;-175,98;5292563200
2014;JAN;SMAL11;;;;-17,16;;;58953,93;-217,8;6797607200
2020;ABR;SMAL11;;;;17,38;;;80653,17;267,22;6010212600
2020;SET;SMAL11;;;;-10,74;;;106078,42;-264,86;5799576800
2011;SET;SMAL11;;;;-14,28;;;53808,02;-180,04;3768688600
2019;AGO;SMAL11;;;;3,15;;;102970,09;61,07;2820072700
2012;MAR;SMAL11;;;;3,86;;;63656,58;52,42;4468312200
2019;JAN;SMAL11;;;;18,24;;;86857,2;338;6002268600
2023;JUN;SMAL11;;;;7,66;;;28855,05;164,75;0
2018;NOV;SMAL11;;;;10,06;;;80213,11;168,11;4616755232
2021;JAN;SMAL11;;;;-7,19;;;119840,48;-213,34;7538608000
2018;ABR;SMAL11;;;;4,8;;;72654,48;82;2697897200
2015;MAR;SMAL11;;;;0,69;;;45049,65;4,620000000;4644204100
2011;AGO;SMAL11;;;;-11,09;;;55169,1;-154,06;5425302200
2016;FEV;SMAL11;;;;9,58;;;39346,2;72,04;4242550200
2011;MAI;SMAL11;;;;-0,84;;;62838,42;-13,6;3352653800
2019;MAR;SMAL11;;;;0,560000000;;;81647,18;3,880000000;3925008800
2018;OUT;SMAL11;;;;24,48;;;82561,42;375,42;6423674200
2014;NOV;SMAL11;;;;-1,04;;;45789,8;-15,1;3141527800
2012;SET;SMAL11;;;;5,84;;;61003,64;83,3;5488969000
2017;JUL;SMAL11;;;;15,72;;;58304,52;215,9;2928653000
2022;JAN;SMAL11;;;;3,85;;;47070,06;80,79;4675417600
2016;JUN;SMAL11;;;;17,57;;;42978,48;163,1;6601556200
2018;MAI;SMAL11;;;;-22,9;;;77131,81;-392,9;4490921900
2015;JUN;SMAL11;;;;-2,28;;;46311,43;-24,72;0
2022;SET;SMAL11;;;;-1,58;;;48947,69;-40,7;2663729700
2023;JAN;SMAL11;;;;3,17;;;46210,95;58,69;0
2015;JUL;SMAL11;;;;-7,32;;;45960,7;-74,6;0
2011;JUN;BITCOIN;;;;163,78;;;1095,74;11,66;148984
2021;MAR;BITCOIN;;;;57,29;;;3464246,45;27367,83;1609360
2019;NOV;BITCOIN;;;;-35,9;;;507417,59;-3170,77;1362859
2015;AGO;BITCOIN;;;;-36,84;;;15668,97;-109,16;7562670
2011;JAN;BITCOIN;;;;196,45;;;24,0754;0,8008;2075687
2023;MAR;BITCOIN;;;;22,91;;;778716,29;5371,41;838327
2016;SET;BITCOIN;;;;14,42;;;36434,26;83,32;6540678
2017;MAI;BITCOIN;;;;111,64;;;119486,34;1972,56;35730594
2017;MAR;BITCOIN;;;;-17,64;;;69736,66;-284;19904794
2014;FEV;BITCOIN;;;;-67,52;;;37082,29;-517,59;4051803
2016;DEZ;BITCOIN;;;;58,23;;;52602,91;493,48;8563701
2013;JUL;BITCOIN;;;;44,74;;;5733,72;33,05;2266480
2021;JUL;BITCOIN;;;;18,85;;;1067025,25;6664,47;489289
2017;OUT;BITCOIN;;;;94,53;;;353969,76;4910,73;21943900
2011;OUT;BITCOIN;;;;-66,24;;;221,36;-3,76;1135344
2022;MAR;BITCOIN;;;;6,11;;;1300906,73;1979,97;646528
2013;FEV;BITCOIN;;;;108,5;;;1486,44;28;3105068
2021;SET;BITCOIN;;;;-5,18;;;1377387,12;-3448,02;499827
2023;ABR;BITCOIN;;;;3,48;;;865624,87;825,68;502879
2012;AGO;BITCOIN;;;;32,18;;;679;0,840000000;453812
2018;JUL;BITCOIN;;;;41,36;;;441399,78;2710,22;5285890
2019;MAI;BITCOIN;;;;101,28;;;476756,51;6220,82;2449857
2019;FEV;BITCOIN;;;;23,64;;;204922,96;771,74;1203824
2013;NOV;BITCOIN;;;;355,24;;;36510,34;1581,92;2322988
2011;FEV;BITCOIN;;;;71,72;;;52,3286;0,437;772920
2016;JUL;BITCOIN;;;;-20,04;;;40863,98;-140,04;10479568
2020;FEV;BITCOIN;;;;-15,14;;;559634,3;-1556;17909240
2012;JUN;BITCOIN;;;;47,88;;;365,06;2,72;446478
2014;SET;BITCOIN;;;;-39,94;;;26528,66;-182,5;3266804
2012;JUL;BITCOIN;;;;80,12;;;504,76;6,06;488161
2018;FEV;BITCOIN;;;;4,08;;;534328,86;-915,4;9747727
2021;ABR;BITCOIN;;;;0,64;;;3426277,4;-1693,7;1252466
2019;DEZ;BITCOIN;;;;-8,56;;;449212,4;-769,96;28903117852
2012;NOV;BITCOIN;;;;36,7;;;704,16;4,13;135048
2022;OUT;BITCOIN;;;;5,66;;;609176,2;1046,16;961354
2013;OUT;BITCOIN;;;;93,53;;;10783,43;148,52;1487527
2018;AGO;BITCOIN;;;;-18,6;;;421679,58;-1561,58;2766291
2013;JUN;BITCOIN;;;;-72,3;;;6386,88;-82,5;2198116
2016;NOV;BITCOIN;;;;8,34;;;43634,9;53,98;7111666
2018;JAN;BITCOIN;;;;-44,5;;;804272,6;-6802,4;59971468
2020;JUN;BITCOIN;;;;-4,32;;;568667,32;-590,42;1094560
2019;ABR;BITCOIN;;;;54,84;;;318663,28;2343,64;1711638
2020;OUT;BITCOIN;;;;50,98;;;737332,9;6083,26;983176
2017;FEV;BITCOIN;;;;43,21;;;60957,49;461,25;8320989
2011;MAR;BITCOIN;;;;-35,16;;;53,6044;-0,3268;537858
2015;SET;BITCOIN;;;;8,54;;;14034,58;18,84;5154170
2012;ABR;BITCOIN;;;;8,14;;;299,64;0,34;662904
2013;DEZ;BITCOIN;;;;-6,780000000;;;52435,2;-464,87;1758728
2022;JUL;BITCOIN;;;;20,25;;;668014,27;3989,22;792420
2022;MAI;BITCOIN;;;;-14,13;;;982342,89;-5824,94;974796
2013;MAR;BITCOIN;;;;235,99;;;3745,28;139,69;4416226
2021;JUN;BITCOIN;;;;-4,760000000;;;2149766,42;-4519,24;1612456
2014;MAI;BITCOIN;;;;67,08;;;30517,32;344,98;2064834
2016;MAR;BITCOIN;;;;-7,52;;;25790,24;-34,36;11120048
2015;JAN;BITCOIN;;;;-47,5;;;15249,96;-174,58;9537014
2016;AGO;BITCOIN;;;;-10,67;;;36433,58;-71,15;9291660
2017;ABR;BITCOIN;;;;57,65;;;74285,67;700,08;16854880
2017;NOV;BITCOIN;;;;103,48;;;477204,56;8416,58;36468720
2019;OUT;BITCOIN;;;;24,7;;;520089,26;1746,44;1764222
2020;NOV;BITCOIN;;;;80,73;;;1018914,56;12713,43;1711951
2015;ABR;BITCOIN;;;;-13,16;;;14330,39;-35,61;5804639
2012;MAI;BITCOIN;;;;10,88;;;315,04;0,54;493592
2021;NOV;BITCOIN;;;;-5,96;;;1820477,42;-4475,57;469896
2017;JUN;BITCOIN;;;;11,37;;;161173,31;177,24;33674919
2016;JAN;BITCOIN;;;;-24,72;;;25349,82;-122,62;9905088
2011;NOV;BITCOIN;;;;8,140000000;;;163,77;-0,23;1608111
2018;JUN;BITCOIN;;;;-30,58;;;413578,49;-2423,63;6906120
2017;SET;BITCOIN;;;;-8,520000000;;;242913,64;-976,54;27001508
2018;SET;BITCOIN;;;;-10,5;;;395425,2;-837,18;2237676
2015;OUT;BITCOIN;;;;63,28;;;17430,41;172,59;7134198
2014;JUL;BITCOIN;;;;-14,24;;;38225,8;-91,82;1398320
2023;MAI;BITCOIN;;;;-6,87;;;852692,77;-2089,08;462044
2012;JAN;BITCOIN;;;;55,09;;;387,74;2,16;1072227
2021;AGO;BITCOIN;;;;13,82;;;1416953,61;5469,37;492888
2019;JUL;BITCOIN;;;;-4,760000000;;;669439,47;-1440,89;2524641
2012;FEV;BITCOIN;;;;-35,74;;;293,88;-2,32;1124618
2013;SET;BITCOIN;;;;-6,6;;;8333,54;-13,43;905850
2015;FEV;BITCOIN;;;;32,42;;;13417,95;69,41;6070786
2011;ABR;BITCOIN;;;;304,48;;;79,3682;4,5116;1399906
2020;MAR;BITCOIN;;;;-26,67;;;432772,52;-4284,08;10151003
2021;OUT;BITCOIN;;;;35,62;;;1795199,33;17559,18;571699
2012;OUT;BITCOIN;;;;-29,74;;;723,64;-3,66;205634
2016;OUT;BITCOIN;;;;35,86;;;42175,82;235,25;6779389
2016;ABR;BITCOIN;;;;15,32;;;26555,6;64,63;8376012
2013;AGO;BITCOIN;;;;70,26;;;7202,9;84,020000000;1203354
2020;DEZ;BITCOIN;;;;80,66;;;1363897,62;18500,9;1836616
2014;DEZ;BITCOIN;;;;-36,99;;;21347,65;-133,51;3306562
2014;OUT;BITCOIN;;;;-29,34;;;23525,66;-115,74;5044142
2017;AGO;BITCOIN;;;;120,09;;;248311,35;4270,03;32878745
2020;JUL;BITCOIN;;;;45,55;;;604654,77;4478,51;996595
2013;ABR;BITCOIN;;;;83,86;;;7845,24;24,76;9383500
2020;MAI;BITCOIN;;;;17,49;;;583045,31;1218;1772719
2013;JAN;BITCOIN;;;;88,04;;;995,5;14,34;2965291
2014;JUN;BITCOIN;;;;6,49;;;37578,92;27,29;2327740
2019;JUN;BITCOIN;;;;54,6;;;563426,56;4379,98;2325834
2011;DEZ;BITCOIN;;;;116,82;;;220,54;4,42;1101448
2023;FEV;BITCOIN;;;;0,900000000;;;652389,76;6,460000000;486133
2022;AGO;BITCOIN;;;;-14,3;;;693153,93;-3358,95;866373
2015;DEZ;BITCOIN;;;;39,04;;;26922,8;142,43;9805605
2021;DEZ;BITCOIN;;;;-18,89;;;1529471,88;-10544,23;528006
2017;DEZ;BITCOIN;;;;85,57;;;967899,5;7738;54311206
2021;MAI;BITCOIN;;;;-78,58;;;2884372,46;-41156,02;1916994
2019;SET;BITCOIN;;;;-25,55;;;595818,3;-2522,86;1603791
2018;MAR;BITCOIN;;;;-71,9;;;560181,06;-6774,8;10434470
2015;MAI;BITCOIN;;;;-7,36;;;14675,5;-18,3;4864420
2022;NOV;BITCOIN;;;;-14,73;;;527668,33;-3295,9;1140681
2018;DEZ;BITCOIN;;;;-3,900000000;;;231002,83;-388,7;2501197
2022;ABR;BITCOIN;;;;-17,29;;;1242978,45;-7569,41;479806
2022;JUN;BITCOIN;;;;-45,97;;;730936,49;-12438,74;953379
2022;DEZ;BITCOIN;;;;-3,65;;;525124,04;-675,82;804069
2015;NOV;BITCOIN;;;;28,86;;;21007,12;74,16;12211916
2022;FEV;BITCOIN;;;;14,67;;;1141626,51;4853,97;568328
2021;FEV;BITCOIN;;;;69,44;;;2590914,14;23993,9;1925040
2020;AGO;BITCOIN;;;;7,34;;;722237,32;652,48;1224582
2014;MAR;BITCOIN;;;;-24,28;;;36541,96;-174,48;2741134
2014;AGO;BITCOIN;;;;-42,85;;;33505,17;-243,38;2756278
2017;JAN;BITCOIN;;;;6,08;;;56706,2;-18,62;11174358
2020;JAN;BITCOIN;;;;54,72;;;527357,06;4242,5;1248223064
2016;MAI;BITCOIN;;;;36,42;;;28811,22;170,08;9656832
2013;MAI;BITCOIN;;;;29,19;;;7579,58;28,92;3821285
2012;DEZ;BITCOIN;;;;12,02;;;829,82;1,48;185614
2014;ABR;BITCOIN;;;;2,2;;;28088,12;-40,82;3414599
2011;JUL;BITCOIN;;;;-29,25;;;878,67;-4,8;151129
2014;JAN;BITCOIN;;;;23,74;;;52460,8;122,36;2709994
2020;ABR;BITCOIN;;;;62,64;;;433278,2;4382,94;1671484
2020;SET;BITCOIN;;;;-17,95;;;649612,11;-2281,68;1146964
2011;SET;BITCOIN;;;;-81,11;;;355,3;-6,64;543378
2019;AGO;BITCOIN;;;;-5,94;;;658894,6;-938,44;1649918
2012;MAR;BITCOIN;;;;1,14;;;308,65;-0,1;728080
2019;JAN;BITCOIN;;;;-12,02;;;230331,4;-513,98;1453985
2023;JUN;BITCOIN;;;;-2,98;;;421153,37;-923,02;267940
2018;NOV;BITCOIN;;;;-83,4;;;320936,06;-4667,68;2040690
2021;JAN;BITCOIN;;;;35,29;;;2194554,14;7924,28;3285656
2018;ABR;BITCOIN;;;;64,18;;;488037,82;4632,12;13019015
2015;MAR;BITCOIN;;;;-6,9;;;16654,7;-25,9;7100206
2011;AGO;BITCOIN;;;;-51,38;;;609,18;-9,76;262616
2016;FEV;BITCOIN;;;;33,99;;;23996,12;132,93;9511285
2011;MAI;BITCOIN;;;;291,28;;;407,09;14,12;310925
2019;MAR;BITCOIN;;;;16,04;;;247519,5;609,25;914011
2018;OUT;BITCOIN;;;;-9,84;;;404544,84;-662,21;1174973
2014;NOV;BITCOIN;;;;34,56;;;22073;106,96;3502520
2012;SET;BITCOIN;;;;42,95;;;713,24;4,68;169096
2017;JUL;BITCOIN;;;;34,08;;;156771,36;567,42;26469254
2022;JAN;BITCOIN;;;;-17,6;;;1274450,66;-7958,07;645730
2016;JUN;BITCOIN;;;;63,34;;;39617,25;350,56;14843559
2018;MAI;BITCOIN;;;;-39,22;;;522602,6;-3499,88;11150938
2015;JUN;BITCOIN;;;;29,45;;;14600,54;68,71;5280749
2022;SET;BITCOIN;;;;-1,36;;;593843,78;-579,43;984922
2023;JAN;BITCOIN;;;;34,6;;;627432,31;6602,27;1060856
2015;JUL;BITCOIN;;;;18,92;;;17378,92;45,96;7047450
2011;JUN;INDICE IPCA;;;;;;0,15;;;
2021;MAR;INDICE IPCA;;;;;;0,93;;;
2019;NOV;INDICE IPCA;;;;;;0,51;;;
2015;AGO;INDICE IPCA;;;;;;0,22;;;
2011;JAN;INDICE IPCA;;;;;;0,83;;;
2023;MAR;INDICE IPCA;;;;;;0,71;;;
2016;SET;INDICE IPCA;;;;;;0,08;;;
2017;MAI;INDICE IPCA;;;;;;0,31;;;
2017;MAR;INDICE IPCA;;;;;;0,25;;;
2014;FEV;INDICE IPCA;;;;;;0,69;;;
2016;DEZ;INDICE IPCA;;;;;;0,3;;;
2013;JUL;INDICE IPCA;;;;;;0,03;;;
2021;JUL;INDICE IPCA;;;;;;0,96;;;
2017;OUT;INDICE IPCA;;;;;;0,42;;;
2011;OUT;INDICE IPCA;;;;;;0,43;;;
2022;MAR;INDICE IPCA;;;;;;1,62;;;
2013;FEV;INDICE IPCA;;;;;;0,6;;;
2021;SET;INDICE IPCA;;;;;;1,16;;;
2023;ABR;INDICE IPCA;;;;;;0,61;;;
2012;AGO;INDICE IPCA;;;;;;0,41;;;
2018;JUL;INDICE IPCA;;;;;;0,33;;;
2019;MAI;INDICE IPCA;;;;;;0,13;;;
2013;NOV;INDICE IPCA;;;;;;0,54;;;
2019;FEV;INDICE IPCA;;;;;;0,43;;;
2011;FEV;INDICE IPCA;;;;;;0,8;;;
2016;JUL;INDICE IPCA;;;;;;0,52;;;
2020;FEV;INDICE IPCA;;;;;;0,25;;;
2012;JUN;INDICE IPCA;;;;;;0,08;;;
2014;SET;INDICE IPCA;;;;;;0,57;;;
2012;JUL;INDICE IPCA;;;;;;0,43;;;
2018;FEV;INDICE IPCA;;;;;;0,32;;;
2021;ABR;INDICE IPCA;;;;;;0,31;;;
2019;DEZ;INDICE IPCA;;;;;;1,15;;;
2012;NOV;INDICE IPCA;;;;;;0,6;;;
2022;OUT;INDICE IPCA;;;;;;0,59;;;
2013;OUT;INDICE IPCA;;;;;;0,57;;;
2018;AGO;INDICE IPCA;;;;;;-0,09;;;
2013;JUN;INDICE IPCA;;;;;;0,26;;;
2016;NOV;INDICE IPCA;;;;;;0,18;;;
2018;JAN;INDICE IPCA;;;;;;0,29;;;
2020;JUN;INDICE IPCA;;;;;;0,26;;;
2019;ABR;INDICE IPCA;;;;;;0,57;;;
2017;FEV;INDICE IPCA;;;;;;0,33;;;
2020;OUT;INDICE IPCA;;;;;;0,86;;;
2011;MAR;INDICE IPCA;;;;;;0,79;;;
2015;SET;INDICE IPCA;;;;;;0,54;;;
2012;ABR;INDICE IPCA;;;;;;0,64;;;
2013;DEZ;INDICE IPCA;;;;;;0,92;;;
2022;JUL;INDICE IPCA;;;;;;-0,68;;;
2022;MAI;INDICE IPCA;;;;;;0,47;;;
2013;MAR;INDICE IPCA;;;;;;0,47;;;
2021;JUN;INDICE IPCA;;;;;;0,53;;;
2014;MAI;INDICE IPCA;;;;;;0,46;;;
2016;MAR;INDICE IPCA;;;;;;0,43;;;
2015;JAN;INDICE IPCA;;;;;;1,24;;;
2016;AGO;INDICE IPCA;;;;;;0,44;;;
2017;ABR;INDICE IPCA;;;;;;0,14;;;
2017;NOV;INDICE IPCA;;;;;;0,28;;;
2019;OUT;INDICE IPCA;;;;;;0,1;;;
2020;NOV;INDICE IPCA;;;;;;0,89;;;
2015;ABR;INDICE IPCA;;;;;;0,71;;;
2012;MAI;INDICE IPCA;;;;;;0,36;;;
2021;NOV;INDICE IPCA;;;;;;0,95;;;
2017;JUN;INDICE IPCA;;;;;;-0,23;;;
2011;NOV;INDICE IPCA;;;;;;0,52;;;
2016;JAN;INDICE IPCA;;;;;;1,27;;;
2018;JUN;INDICE IPCA;;;;;;1,26;;;
2017;SET;INDICE IPCA;;;;;;0,16;;;
2018;SET;INDICE IPCA;;;;;;0,48;;;
2015;OUT;INDICE IPCA;;;;;;0,82;;;
2014;JUL;INDICE IPCA;;;;;;0,01;;;
2012;JAN;INDICE IPCA;;;;;;0,56;;;
2023;MAI;INDICE IPCA;;;;;;0,23;;;
2021;AGO;INDICE IPCA;;;;;;0,87;;;
2019;JUL;INDICE IPCA;;;;;;0,19;;;
2012;FEV;INDICE IPCA;;;;;;0,45;;;
2013;SET;INDICE IPCA;;;;;;0,35;;;
2015;FEV;INDICE IPCA;;;;;;1,22;;;
2011;ABR;INDICE IPCA;;;;;;0,77;;;
2020;MAR;INDICE IPCA;;;;;;0,07;;;
2021;OUT;INDICE IPCA;;;;;;1,25;;;
2012;OUT;INDICE IPCA;;;;;;0,59;;;
2016;OUT;INDICE IPCA;;;;;;0,26;;;
2016;ABR;INDICE IPCA;;;;;;0,61;;;
2013;AGO;INDICE IPCA;;;;;;0,24;;;
2020;DEZ;INDICE IPCA;;;;;;1,35;;;
2014;DEZ;INDICE IPCA;;;;;;0,78;;;
2014;OUT;INDICE IPCA;;;;;;0,42;;;
2017;AGO;INDICE IPCA;;;;;;0,19;;;
2020;JUL;INDICE IPCA;;;;;;0,36;;;
2013;ABR;INDICE IPCA;;;;;;0,55;;;
2020;MAI;INDICE IPCA;;;;;;-0,38;;;
2013;JAN;INDICE IPCA;;;;;;0,86;;;
2014;JUN;INDICE IPCA;;;;;;0,4;;;
2019;JUN;INDICE IPCA;;;;;;0,01;;;
2011;DEZ;INDICE IPCA;;;;;;0,5;;;
2023;FEV;INDICE IPCA;;;;;;0,84;;;
2022;AGO;INDICE IPCA;;;;;;-0,36;;;
2015;DEZ;INDICE IPCA;;;;;;0,96;;;
2021;DEZ;INDICE IPCA;;;;;;0,7;;;
2017;DEZ;INDICE IPCA;;;;;;0,44;;;
2021;MAI;INDICE IPCA;;;;;;0,83;;;
2019;SET;INDICE IPCA;;;;;;-0,04;;;
2018;MAR;INDICE IPCA;;;;;;0,09;;;
2015;MAI;INDICE IPCA;;;;;;0,74;;;
2022;NOV;INDICE IPCA;;;;;;0,41;;;
2018;DEZ;INDICE IPCA;;;;;;0,15;;;
2022;DEZ;INDICE IPCA;;;;;;0,62;;;
2022;JUN;INDICE IPCA;;;;;;0,67;;;
2022;ABR;INDICE IPCA;;;;;;1,06;;;
2015;NOV;INDICE IPCA;;;;;;1,01;;;
2022;FEV;INDICE IPCA;;;;;;1,01;;;
2021;FEV;INDICE IPCA;;;;;;0,86;;;
2020;AGO;INDICE IPCA;;;;;;0,24;;;
2014;MAR;INDICE IPCA;;;;;;0,92;;;
2014;AGO;INDICE IPCA;;;;;;0,25;;;
2017;JAN;INDICE IPCA;;;;;;0,38;;;
2020;JAN;INDICE IPCA;;;;;;0,21;;;
2013;MAI;INDICE IPCA;;;;;;0,37;;;
2012;DEZ;INDICE IPCA;;;;;;0,79;;;
2016;MAI;INDICE IPCA;;;;;;0,78;;;
2014;ABR;INDICE IPCA;;;;;;0,67;;;
2011;JUL;INDICE IPCA;;;;;;0,16;;;
2014;JAN;INDICE IPCA;;;;;;0,55;;;
2020;ABR;INDICE IPCA;;;;;;-0,31;;;
2020;SET;INDICE IPCA;;;;;;0,64;;;
2011;SET;INDICE IPCA;;;;;;0,53;;;
2019;AGO;INDICE IPCA;;;;;;0,11;;;
2012;MAR;INDICE IPCA;;;;;;0,21;;;
2019;JAN;INDICE IPCA;;;;;;0,32;;;
2018;NOV;INDICE IPCA;;;;;;-0,21;;;
2021;JAN;INDICE IPCA;;;;;;0,25;;;
2018;ABR;INDICE IPCA;;;;;;0,22;;;
2015;MAR;INDICE IPCA;;;;;;1,32;;;
2011;AGO;INDICE IPCA;;;;;;0,37;;;
2016;FEV;INDICE IPCA;;;;;;0,9;;;
2011;MAI;INDICE IPCA;;;;;;0,47;;;
2019;MAR;INDICE IPCA;;;;;;0,75;;;
2018;OUT;INDICE IPCA;;;;;;0,45;;;
2014;NOV;INDICE IPCA;;;;;;0,51;;;
2012;SET;INDICE IPCA;;;;;;0,57;;;
2017;JUL;INDICE IPCA;;;;;;0,24;;;
2022;JAN;INDICE IPCA;;;;;;0,54;;;
2016;JUN;INDICE IPCA;;;;;;0,35;;;
2018;MAI;INDICE IPCA;;;;;;0,4;;;
2015;JUN;INDICE IPCA;;;;;;0,79;;;
2022;SET;INDICE IPCA;;;;;;-0,29;;;
2023;JAN;INDICE IPCA;;;;;;0,53;;;
2015;JUL;INDICE IPCA;;;;;;0,62;;;
2011;JUN;BOVA11;;;;-7,22;;;2701,22;-4,64;17505780
2021;MAR;BOVA11;;;;12,44;;;5260,7;12,86;484606190
2019;NOV;BOVA11;;;;2,85;;;4660,05;2,76;165267950
2015;AGO;BOVA11;;;;-16,36;;;1943,64;-8,06;156596820
2011;JAN;BOVA11;;;;-8;;;2899,04;-5,5;16567120
2023;MAR;BOVA11;;;;-2,79;;;2779,28;-3;185533230
2016;SET;BOVA11;;;;3,48;;;2551,7;1,7;138003650
2017;MAI;BOVA11;;;;-9,46;;;2959,2;-6,6;188358640
2017;MAR;BOVA11;;;;-3,29;;;2959,06;-2,34;107188820
2014;FEV;BOVA11;;;;-1,24;;;1942,66;-0,76;68527680
2016;DEZ;BOVA11;;;;-6,45;;;2582,58;-4,1;127953210
2013;JUL;BOVA11;;;;6,7;;;2817,61;2,83;91955990
2021;JUL;BOVA11;;;;-3,64;;;2787,17;-4,55;110954132
2017;OUT;BOVA11;;;;0,760000000;;;3237,16;0,38;99796880
2011;OUT;BOVA11;;;;22,8;;;2262,32;11,94;48903180
2022;MAR;BOVA11;;;;6,16;;;2549,62;6,65;173977704
2013;FEV;BOVA11;;;;-8,78;;;2381,78;-5,1;59635520
2021;SET;BOVA11;;;;-6,74;;;2411,82;-7,76;209542490
2023;ABR;BOVA11;;;;2,87;;;2009,01;2,69;125022715
2012;AGO;BOVA11;;;;4,1;;;2632,78;2,1;79930880
2018;JUL;BOVA11;;;;16,9;;;3265,66;12,2;108264220
2019;MAI;BOVA11;;;;0,960000000;;;4266,83;0,530000000;226633490
2019;FEV;BOVA11;;;;-2,46;;;4010,64;-2,56;194973780
2013;NOV;BOVA11;;;;-5,16;;;2168,42;-2,84;51724960
2011;FEV;BOVA11;;;;4,77;;;2832,47;2,92;24696910
2016;JUL;BOVA11;;;;22,1;;;2240,98;11,56;82240760
2020;FEV;BOVA11;;;;-13,33;;;4675,91;-14,63;266384170
2012;JUN;BOVA11;;;;-0,140000000;;;2370,46;-0,360000000;100386260
2014;SET;BOVA11;;;;-24,44;;;2493,98;-14,1;76714920
2012;JUL;BOVA11;;;;11,7;;;2422,27;5,89;66720980
2018;FEV;BOVA11;;;;2,22;;;3671,83;1,54;110620650
2021;ABR;BOVA11;;;;4,34;;;4809,4;4,76;287338548
2019;DEZ;BOVA11;;;;14,5;;;4792,72;15,54;166387340
2012;NOV;BOVA11;;;;2,04;;;2580,12;0,920000000;59298420
2022;OUT;BOVA11;;;;5,25;;;2345,13;5,27;166230014
2013;OUT;BOVA11;;;;7,99;;;2488,23;3,97;64104280
2018;AGO;BOVA11;;;;-6,02;;;3528,2;-4,91;163660350
2013;JUN;BOVA11;;;;-23,52;;;1944,4;-11,9;116059200
2016;NOV;BOVA11;;;;-8,6;;;2627;-5,8;143674520
2018;JAN;BOVA11;;;;21,34;;;3744,02;16,36;108847500
2020;JUN;BOVA11;;;;17,58;;;3999,86;14,94;483560800
2019;ABR;BOVA11;;;;2,56;;;4042,12;2,14;164169880
2020;OUT;BOVA11;;;;-0,340000000;;;4241,11;-0,800000000;461201541
2017;FEV;BOVA11;;;;6,86;;;2829,46;4,22;82463220
2011;MAR;BOVA11;;;;2,62;;;3060,12;1,6;21400280
2015;SET;BOVA11;;;;-10,88;;;2024,51;-5,15;129536370
2012;ABR;BOVA11;;;;-8,2;;;2591,16;-5,28;83929860
2013;DEZ;BOVA11;;;;-3,88;;;2185,68;-2,08;46062520
2022;JUL;BOVA11;;;;4,87;;;2007,59;4,6;152547976
2022;MAI;BOVA11;;;;3,81;;;2286,73;3,82;171746286
2013;MAR;BOVA11;;;;-3,48;;;2450,98;-2,08;63254680
2021;JUN;BOVA11;;;;1,02;;;5582,33;1,1;222803810
2014;MAI;BOVA11;;;;-0,900000000;;;2274,52;-0,620000000;69086520
2016;MAR;BOVA11;;;;40,52;;;2247,51;17,63;193233340
2015;JAN;BOVA11;;;;-11,84;;;2072,7;-5,86;97418780
2016;AGO;BOVA11;;;;1,22;;;2584,7;0,5;140146400
2017;ABR;BOVA11;;;;1,5;;;2488,06;0,82;88686500
2017;NOV;BOVA11;;;;-6,57;;;3470,36;-4,89;117308620
2019;OUT;BOVA11;;;;4,56;;;4835,9;4,44;217116280
2020;NOV;BOVA11;;;;29,8;;;4235,32;28,62;395501804
2015;ABR;BOVA11;;;;20;;;2541,8;10,24;99723420
2012;MAI;BOVA11;;;;-23,89;;;2660,3;-14;141349270
2021;NOV;BOVA11;;;;-1,14;;;2310,53;-1,35;193804617
2017;JUN;BOVA11;;;;1,36;;;2640,08;0,740000000;87256660
2016;JAN;BOVA11;;;;-13,8;;;1912,46;-5,88;112862400
2011;NOV;BOVA11;;;;-3,79;;;2538,82;-2,38;49693750
2018;JUN;BOVA11;;;;-9,84;;;2947,26;-7,44;153119520
2017;SET;BOVA11;;;;9,24;;;3014,36;6,34;98456140
2018;SET;BOVA11;;;;6,94;;;2973,66;4,98;102157560
2015;OUT;BOVA11;;;;4,96;;;2019,94;1,94;163942160
2014;JUL;BOVA11;;;;10,22;;;2599,4;5,28;59663320
2023;MAI;BOVA11;;;;3,98;;;2495,57;3,96;176429336
2012;JAN;BOVA11;;;;21,26;;;2635,16;12,38;42061260
2021;AGO;BOVA11;;;;-2,66;;;2545,39;-3,24;164323159
2019;JUL;BOVA11;;;;3,02;;;4784,34;2,84;164843700
2012;FEV;BOVA11;;;;8,45;;;2903,25;5,21;63151040
2013;SET;BOVA11;;;;7,56;;;2204,58;3,58;66054300
2015;FEV;BOVA11;;;;18,7;;;2050,94;8,8;72507560
2011;ABR;BOVA11;;;;-6,92;;;2795,38;-4,7;24467460
2020;MAR;BOVA11;;;;-61,58;;;3445,88;-62,5;949474940
2021;OUT;BOVA11;;;;-6,13;;;2223,82;-6,55;227054456
2012;OUT;BOVA11;;;;-9,36;;;2705,2;-5,47;71590410
2016;OUT;BOVA11;;;;21,42;;;2537,64;12,68;133664360
2016;ABR;BOVA11;;;;14,7;;;2116,1;7,02;144032100
2013;AGO;BOVA11;;;;9,5;;;2162,96;4,36;106262700
2020;DEZ;BOVA11;;;;17,88;;;5347,92;19,36;315467914
2014;DEZ;BOVA11;;;;-16,37;;;2386,07;-8,76;75292310
2014;OUT;BOVA11;;;;5,55;;;2801,98;1,92;156829270
2017;AGO;BOVA11;;;;15,28;;;3129,28;10,02;156219520
2020;JUL;BOVA11;;;;18,44;;;4584,48;17,21;369694290
2013;ABR;BOVA11;;;;-1,79;;;2412,43;-1,22;81317150
2020;MAI;BOVA11;;;;17,86;;;3295,1;13,88;513017880
2013;JAN;BOVA11;;;;-4,58;;;2832,77;-2,9;59081580
2014;JUN;BOVA11;;;;6,94;;;2303,58;3,42;51485560
2019;JUN;BOVA11;;;;7,56;;;3817,22;7,04;156856480
2011;DEZ;BOVA11;;;;-0,24;;;2488,74;-0,4;40705680
2023;FEV;BOVA11;;;;-8,11;;;2201,58;-8,69;128584942
2022;AGO;BOVA11;;;;6,43;;;2443,24;6,41;169831224
2015;DEZ;BOVA11;;;;-6,27;;;2118;-2,9;124822000
2021;DEZ;BOVA11;;;;2,65;;;2342,51;2,45;163502133
2017;DEZ;BOVA11;;;;12,86;;;2999,38;8,84;119306720
2021;MAI;BOVA11;;;;11,84;;;5173,72;13,7;254137872
2019;SET;BOVA11;;;;6,92;;;4186,22;6,8;156630940
2018;MAR;BOVA11;;;;-0,060000000;;;3622,74;-0,14;105145980
2015;MAI;BOVA11;;;;-12,06;;;2278,24;-6,54;69835100
2022;NOV;BOVA11;;;;-2,68;;;2490,66;-3,3;213312019
2018;DEZ;BOVA11;;;;-3,96;;;3684,16;-3,54;147048780
2022;ABR;BOVA11;;;;-10,8;;;2323,35;-12,07;104180759
2022;JUN;BOVA11;;;;-12,22;;;2202,19;-12,55;189989171
2022;DEZ;BOVA11;;;;-2,26;;;2290,61;-2,63;184026488
2015;NOV;BOVA11;;;;-2,58;;;1917,24;-1,4;116055500
2022;FEV;BOVA11;;;;0,89;;;2173,03;0,92;138697507
2021;FEV;BOVA11;;;;-8,6;;;4529,08;-9,94;335897606
2020;AGO;BOVA11;;;;-6,92;;;4305;-7,18;406327760
2014;MAR;BOVA11;;;;12,98;;;1927,36;6,02;63430440
2014;AGO;BOVA11;;;;19,2;;;2360,84;10,72;52672580
2017;JAN;BOVA11;;;;14,12;;;2712,8;8,3;62334520
2020;JAN;BOVA11;;;;-4,98;;;5175,44;-5,92;229656760
2016;MAI;BOVA11;;;;-20,34;;;2174,52;-10,26;145025600
2013;MAI;BOVA11;;;;-7,24;;;2496,66;-4;66272980
2012;DEZ;BOVA11;;;;11,06;;;2461,58;6,38;70520820
2014;ABR;BOVA11;;;;5,08;;;2258,9;2,38;102889620
2011;JUL;BOVA11;;;;-10,74;;;2505,02;-6,62;19290600
2014;JAN;BOVA11;;;;-15,09;;;2256,84;-7,44;58263150
2020;ABR;BOVA11;;;;19,68;;;3365,43;12,75;618958760
2020;SET;BOVA11;;;;-9,54;;;4180,44;-9,3;430419570
2011;SET;BOVA11;;;;-14,62;;;2407,84;-8,3;48111920
2019;AGO;BOVA11;;;;-1,5;;;4364,62;-1,96;267338190
2012;MAR;BOVA11;;;;-3,38;;;2885,56;-2,4;74250260
2019;JAN;BOVA11;;;;21,44;;;4184,5;18,8;175133800
2023;JUN;BOVA11;;;;9,06;;;1457,81;9,84;90571428
2018;NOV;BOVA11;;;;4,9;;;3950,26;3,87;178392710
2021;JAN;BOVA11;;;;-7,42;;;4962,64;-8,94;335449122
2018;ABR;BOVA11;;;;2;;;3451,28;1,5;89508960
2015;MAR;BOVA11;;;;-2,6;;;2202,64;-1,47;130819880
2011;AGO;BOVA11;;;;-5,86;;;2493,35;-4,61;52680130
2016;FEV;BOVA11;;;;12,08;;;1983,3;4,52;112030200
2011;MAI;BOVA11;;;;-2,74;;;2832,49;-1,96;17001430
2019;MAR;BOVA11;;;;0,480000000;;;3892,94;-0,080000000;180608942
2018;OUT;BOVA11;;;;19,6;;;4224,8;14,94;245059162
2014;NOV;BOVA11;;;;1,2;;;2083,12;0,340000000;83268400
2012;SET;BOVA11;;;;7,34;;;2469,14;4;63041860
2017;JUL;BOVA11;;;;9,06;;;2620,04;5,58;81199900
2022;JAN;BOVA11;;;;7,03;;;2158,85;7,18;173643243
2016;JUN;BOVA11;;;;10,54;;;2188,02;4,76;124325300
2018;MAI;BOVA11;;;;-21,59;;;3733,26;-17,42;153916070
2015;JUN;BOVA11;;;;0,660000000;;;2337,03;0,21;101477620
2022;SET;BOVA11;;;;1,08;;;2348,96;0,850000000;138483206
2023;JAN;BOVA11;;;;3,87;;;2462,9;3,89;136279721
2015;JUL;BOVA11;;;;-8,04;;;2301,6;-4,18;74546940
2021;MAR;ETHEREUM;;;;66,83;;;109421,6;999,4;18347532
2019;NOV;ETHEREUM;;;;-33,67;;;10520,94;-60,58;8555696
2015;AGO;ETHEREUM;;;;27,25;;;64,56734;-2,869754;61296258
2023;MAR;ETHEREUM;;;;14,57;;;51953,65;219,14;7238264
2016;SET;ETHEREUM;;;;21,56;;;750,56;2,38;51929806
2017;MAI;ETHEREUM;;;;242,64;;;8088,34;291,84;202815906
2017;MAR;ETHEREUM;;;;259,66;;;2223,78;66,68;236621160
2016;DEZ;ETHEREUM;;;;4,510000000;;;494,1;-0,21;102593753
2021;JUL;ETHEREUM;;;;13,88;;;66062,4;270,67;7552229
2017;OUT;ETHEREUM;;;;-5,41;;;19884,83;-23,8;89463109
2022;MAR;ETHEREUM;;;;12,6;;;89177,28;340,87;6677458
2021;SET;ETHEREUM;;;;-8,94;;;99961,58;-433,14;7849139
2023;ABR;ETHEREUM;;;;4,09;;;57521,72;58,950000000;4308235
2019;MAI;ETHEREUM;;;;111,43;;;13849,84;201,65;27121363
2018;JUL;ETHEREUM;;;;-6,42;;;28622,5;-43,8;27845580
2019;FEV;ETHEREUM;;;;55,72;;;7035,22;58,16;17054546
2016;JUL;ETHEREUM;;;;-9,08;;;733,6;-2,52;141117704
2020;FEV;ETHEREUM;;;;46,52;;;13877,84;78,16;201202196
2018;FEV;ETHEREUM;;;;-54,99;;;49454,26;-676,5;28068958
2021;ABR;ETHEREUM;;;;80,12;;;137668,1;1724,82;21905810
2019;DEZ;ETHEREUM;;;;-30,2;;;8510,52;-46,52;2169483498
2022;OUT;ETHEREUM;;;;18,24;;;42409,56;246,34;12003582
2018;AGO;ETHEREUM;;;;-76,97;;;20307,88;-294,09;19105674
2018;JAN;ETHEREUM;;;;92,46;;;66872,36;691,72;270823096
2016;NOV;ETHEREUM;;;;-46,12;;;593,64;-4,64;50435564
2020;JUN;ETHEREUM;;;;-3,020000000;;;14148,1;-12,14;10178608
2019;ABR;ETHEREUM;;;;30,24;;;9903,24;37,2;16124538
2020;OUT;ETHEREUM;;;;16,68;;;23312,54;54,86;9722456
2017;FEV;ETHEREUM;;;;103,2;;;717,3;13,49;76261708
2015;SET;ETHEREUM;;;;-116,86;;;58,017432;-1,322634;44144954
2022;JUL;ETHEREUM;;;;53,05;;;42194,75;644,74;11282698
2022;MAI;ETHEREUM;;;;-29,32;;;67806,31;-776,24;8575580
2021;JUN;ETHEREUM;;;;-25,9;;;139992,08;-865,18;19771422
2016;MAR;ETHEREUM;;;;110,32;;;700,78;8,04;160163640
2016;AGO;ETHEREUM;;;;28,15;;;702,32;2,1;95370271
2017;ABR;ETHEREUM;;;;92,62;;;3114,81;51,19;127883794
2017;NOV;ETHEREUM;;;;101,04;;;21826,26;349,68;174533674
2019;OUT;ETHEREUM;;;;7,440000000;;;11079,16;6,12;10660722
2020;NOV;ETHEREUM;;;;107,44;;;29722,93;494,51;18210098
2021;NOV;ETHEREUM;;;;10,39;;;133310,94;342,16;5793243
2017;JUN;ETHEREUM;;;;76,85;;;19266,45;160,65;220222170
2016;JAN;ETHEREUM;;;;187,3;;;95,218806;2,542414;110950328
2018;JUN;ETHEREUM;;;;-45,77;;;31732,63;-277,05;44280025
2017;SET;ETHEREUM;;;;-30,1;;;17412,04;-170,76;165172782
2018;SET;ETHEREUM;;;;-25,84;;;13623,76;-100,26;34952202
2015;OUT;ETHEREUM;;;;119,49;;;43,406701;0,722166;54969828
2023;MAI;ETHEREUM;;;;0,190000000;;;57242,61;-8,26;3459632
2021;AGO;ETHEREUM;;;;32,41;;;96064,99;890,91;7702626
2019;JUL;ETHEREUM;;;;-45,51;;;15568,91;-139,23;15861433
2021;OUT;ETHEREUM;;;;37,67;;;118344,99;1285,87;6723924
2020;MAR;ETHEREUM;;;;-49,72;;;10063,62;-169,92;124766824
2016;OUT;ETHEREUM;;;;-38,51;;;778,24;-4,82;56322997
2016;ABR;ETHEREUM;;;;-36,31;;;540,29;-4,92;120487931
2020;DEZ;ETHEREUM;;;;41,76;;;38644,68;246,5;17350642
2017;AGO;ETHEREUM;;;;112,27;;;19317,75;321,14;223417814
2020;JUL;ETHEREUM;;;;93,38;;;16372,12;253,85;12594314
2020;MAI;ETHEREUM;;;;26,42;;;13076,01;47,34;13972974
2019;JUN;ETHEREUM;;;;21,62;;;16449,54;39,16;17322158
2023;FEV;ETHEREUM;;;;2,2;;;45478,91;19,32;5264281
2022;AGO;ETHEREUM;;;;-4,91;;;52669,2;-132,78;13959648
2015;DEZ;ETHEREUM;;;;18,69;;;55,994294;0,132137;31711202
2021;DEZ;ETHEREUM;;;;-21,14;;;125546,35;-949,89;5793230
2017;DEZ;ETHEREUM;;;;111,23;;;40733,77;577,55;251928250
2021;MAI;ETHEREUM;;;;25,34;;;195265,12;-131,34;37424552
2019;SET;ETHEREUM;;;;19,18;;;11322,11;23,14;12570354
2018;MAR;ETHEREUM;;;;-147,04;;;38956,66;-921,14;49751742
2022;NOV;ETHEREUM;;;;-13,73;;;38924,27;-277,36;13710449
2018;DEZ;ETHEREUM;;;;51,75;;;6770,76;43,5;29449877
2022;ABR;ETHEREUM;;;;-16,61;;;92932,33;-541,01;5357079
2022;JUN;ETHEREUM;;;;-56,52;;;41450,97;-907,66;11296642
2022;DEZ;ETHEREUM;;;;-7,25;;;38323,8;-101,82;8947026
2015;NOV;ETHEREUM;;;;-27,4;;;55,521764;-0,36591;56179216
2022;FEV;ETHEREUM;;;;7,04;;;24134,78;167,68;2760178
2021;FEV;ETHEREUM;;;;22,38;;;95170,88;196,52;27030796
2020;AGO;ETHEREUM;;;;50,86;;;24916,14;176,62;17970062
2017;JAN;ETHEREUM;;;;61,9;;;637,6;5,16;102162292
2020;JAN;ETHEREUM;;;;70,25;;;9881,77;100,22;188706202
2016;MAI;ETHEREUM;;;;103,84;;;714,98;10,26;148149826
2020;ABR;ETHEREUM;;;;95,38;;;10287,5;144,58;19132392
2020;SET;ETHEREUM;;;;-37,08;;;22452,15;-180,53;17423513
2019;AGO;ETHEREUM;;;;-43,82;;;12366,9;-93,14;9034048
2019;JAN;ETHEREUM;;;;-31,54;;;7969,75;-46,78;18975898
2023;JUN;ETHEREUM;;;;-8,32;;;28785,21;-158,46;1894833
2018;NOV;ETHEREUM;;;;-100,94;;;10040,78;-170,3;18962184
2021;JAN;ETHEREUM;;;;148,03;;;76033,26;1291,9;45344235
2018;ABR;ETHEREUM;;;;118,98;;;31602,68;559,62;111632658
2016;FEV;ETHEREUM;;;;277,69;;;278,34;10,32;156480977
2019;MAR;ETHEREUM;;;;11,38;;;8551,23;12,93;9904194
2018;OUT;ETHEREUM;;;;-31,81;;;13106,41;-75,14;13596212
2017;JUL;ETHEREUM;;;;-12,14;;;13800,02;-95,68;291741472
2016;JUN;ETHEREUM;;;;10,13;;;877,57;-1,37;171323442
2018;MAI;ETHEREUM;;;;-20,96;;;41982,26;-182,42;112540754
2022;SET;ETHEREUM;;;;-13,15;;;44525,53;-223,95;12069697
2023;JAN;ETHEREUM;;;;29,52;;;45456,51;389,84;10402998
2017;FEV;INDICE DI;;;;;0,86;;;;
2015;NOV;INDICE DI;;;;;1,06;;;;
2011;OUT;INDICE DI;;;;;0,88;;;;
2019;AGO;INDICE DI;;;;;0,5;;;;
2012;JUN;INDICE DI;;;;;0,64;;;;
2018;SET;INDICE DI;;;;;0,47;;;;
2018;OUT;INDICE DI;;;;;0,54;;;;
2012;JAN;INDICE DI;;;;;0,89;;;;
2023;JAN;INDICE DI;;;;;1,12;;;;
2021;DEZ;INDICE DI;;;;;0,77;;;;
2022;OUT;INDICE DI;;;;;1,02;;;;
2017;SET;INDICE DI;;;;;0,64;;;;
2021;OUT;INDICE DI;;;;;0,49;;;;
2014;AGO;INDICE DI;;;;;0,86;;;;
2016;NOV;INDICE DI;;;;;1,04;;;;
2022;SET;INDICE DI;;;;;1,07;;;;
2011;SET;INDICE DI;;;;;0,94;;;;
2022;DEZ;INDICE DI;;;;;1,12;;;;
2021;AGO;INDICE DI;;;;;0,43;;;;
2013;MAR;INDICE DI;;;;;0,54;;;;
2021;MAR;INDICE DI;;;;;0,2;;;;
2019;DEZ;INDICE DI;;;;;0,37;;;;
2014;NOV;INDICE DI;;;;;0,84;;;;
2020;DEZ;INDICE DI;;;;;0,16;;;;
2020;OUT;INDICE DI;;;;;0,16;;;;
2014;DEZ;INDICE DI;;;;;0,96;;;;
2013;NOV;INDICE DI;;;;;0,71;;;;
2020;SET;INDICE DI;;;;;0,16;;;;
2022;JUN;INDICE DI;;;;;1,02;;;;
2013;JUL;INDICE DI;;;;;0,71;;;;
2017;OUT;INDICE DI;;;;;0,64;;;;
2014;MAI;INDICE DI;;;;;0,86;;;;
2019;OUT;INDICE DI;;;;;0,48;;;;
2011;DEZ;INDICE DI;;;;;0,9;;;;
2011;JAN;INDICE DI;;;;;0,86;;;;
2017;AGO;INDICE DI;;;;;0,8;;;;
2022;MAR;INDICE DI;;;;;0,93;;;;
2017;JUL;INDICE DI;;;;;0,8;;;;
2022;MAI;INDICE DI;;;;;1,03;;;;
2018;DEZ;INDICE DI;;;;;0,49;;;;
2012;MAR;INDICE DI;;;;;0,81;;;;
2015;JUL;INDICE DI;;;;;1,18;;;;
2019;JAN;INDICE DI;;;;;0,54;;;;
2015;JAN;INDICE DI;;;;;0,93;;;;
2014;OUT;INDICE DI;;;;;0,94;;;;
2017;DEZ;INDICE DI;;;;;0,54;;;;
2019;MAI;INDICE DI;;;;;0,54;;;;
2016;DEZ;INDICE DI;;;;;1,12;;;;
2015;AGO;INDICE DI;;;;;1,11;;;;
2014;ABR;INDICE DI;;;;;0,82;;;;
2020;MAR;INDICE DI;;;;;0,34;;;;
2018;ABR;INDICE DI;;;;;0,52;;;;
2017;NOV;INDICE DI;;;;;0,57;;;;
2020;MAI;INDICE DI;;;;;0,24;;;;
2013;JAN;INDICE DI;;;;;0,59;;;;
2018;JAN;INDICE DI;;;;;0,58;;;;
2022;NOV;INDICE DI;;;;;1,02;;;;
2017;JUN;INDICE DI;;;;;0,81;;;;
2021;JAN;INDICE DI;;;;;0,15;;;;
2022;AGO;INDICE DI;;;;;1,17;;;;
2021;ABR;INDICE DI;;;;;0,21;;;;
2012;AGO;INDICE DI;;;;;0,69;;;;
2020;FEV;INDICE DI;;;;;0,29;;;;
2014;FEV;INDICE DI;;;;;0,78;;;;
2022;FEV;INDICE DI;;;;;0,76;;;;
2016;AGO;INDICE DI;;;;;1,21;;;;
2019;FEV;INDICE DI;;;;;0,49;;;;
2020;ABR;INDICE DI;;;;;0,28;;;;
2020;JAN;INDICE DI;;;;;0,38;;;;
2011;JUL;INDICE DI;;;;;0,97;;;;
2020;JUN;INDICE DI;;;;;0,21;;;;
2016;JUN;INDICE DI;;;;;1,16;;;;
2011;FEV;INDICE DI;;;;;0,84;;;;
2022;JUL;INDICE DI;;;;;1,03;;;;
2015;OUT;INDICE DI;;;;;1,11;;;;
2011;MAR;INDICE DI;;;;;0,92;;;;
2023;MAR;INDICE DI;;;;;1,17;;;;
2019;JUN;INDICE DI;;;;;0,47;;;;
2018;AGO;INDICE DI;;;;;0,57;;;;
2022;ABR;INDICE DI;;;;;0,83;;;;
2011;JUN;INDICE DI;;;;;0,95;;;;
2019;MAR;INDICE DI;;;;;0,47;;;;
2012;JUL;INDICE DI;;;;;0,68;;;;
2013;OUT;INDICE DI;;;;;0,8;;;;
2017;MAR;INDICE DI;;;;;1,05;;;;
2015;SET;INDICE DI;;;;;1,11;;;;
2013;MAI;INDICE DI;;;;;0,58;;;;
2012;MAI;INDICE DI;;;;;0,73;;;;
2021;JUL;INDICE DI;;;;;0,36;;;;
2023;MAI;INDICE DI;;;;;1,12;;;;
2015;MAI;INDICE DI;;;;;0,98;;;;
2013;SET;INDICE DI;;;;;0,7;;;;
2019;NOV;INDICE DI;;;;;0,38;;;;
2014;SET;INDICE DI;;;;;0,9;;;;
2012;NOV;INDICE DI;;;;;0,54;;;;
2016;ABR;INDICE DI;;;;;1,05;;;;
2021;NOV;INDICE DI;;;;;0,59;;;;
2016;MAI;INDICE DI;;;;;1,11;;;;
2015;FEV;INDICE DI;;;;;0,82;;;;
2021;SET;INDICE DI;;;;;0,44;;;;
2018;MAI;INDICE DI;;;;;0,52;;;;
2016;JUL;INDICE DI;;;;;1,11;;;;
2014;JUN;INDICE DI;;;;;0,82;;;;
2016;MAR;INDICE DI;;;;;1,16;;;;
2021;JUN;INDICE DI;;;;;0,31;;;;
2015;DEZ;INDICE DI;;;;;1,16;;;;
2017;JAN;INDICE DI;;;;;1,08;;;;
2014;JUL;INDICE DI;;;;;0,94;;;;
2013;JUN;INDICE DI;;;;;0,59;;;;
2011;NOV;INDICE DI;;;;;0,86;;;;
2014;MAR;INDICE DI;;;;;0,76;;;;
2013;FEV;INDICE DI;;;;;0,48;;;;
2023;FEV;INDICE DI;;;;;0,92;;;;
2011;MAI;INDICE DI;;;;;0,99;;;;
2012;DEZ;INDICE DI;;;;;0,53;;;;
2016;JAN;INDICE DI;;;;;1,05;;;;
2017;MAI;INDICE DI;;;;;0,93;;;;
2018;FEV;INDICE DI;;;;;0,46;;;;
2011;ABR;INDICE DI;;;;;0,84;;;;
2023;ABR;INDICE DI;;;;;0,92;;;;
2021;FEV;INDICE DI;;;;;0,13;;;;
2020;AGO;INDICE DI;;;;;0,16;;;;
2022;JAN;INDICE DI;;;;;0,73;;;;
2012;SET;INDICE DI;;;;;0,54;;;;
2016;SET;INDICE DI;;;;;1,11;;;;
2021;MAI;INDICE DI;;;;;0,27;;;;
2020;NOV;INDICE DI;;;;;0,15;;;;
2018;NOV;INDICE DI;;;;;0,49;;;;
2012;ABR;INDICE DI;;;;;0,7;;;;
2011;AGO;INDICE DI;;;;;1,07;;;;
2013;AGO;INDICE DI;;;;;0,7;;;;
2019;SET;INDICE DI;;;;;0,46;;;;
2019;JUL;INDICE DI;;;;;0,57;;;;
2016;OUT;INDICE DI;;;;;1,05;;;;
2015;MAR;INDICE DI;;;;;1,04;;;;
2018;JUL;INDICE DI;;;;;0,54;;;;
2013;ABR;INDICE DI;;;;;0,6;;;;
2012;FEV;INDICE DI;;;;;0,74;;;;
2013;DEZ;INDICE DI;;;;;0,78;;;;
2014;JAN;INDICE DI;;;;;0,84;;;;
2015;JUN;INDICE DI;;;;;1,07;;;;
2018;JUN;INDICE DI;;;;;0,52;;;;
2016;FEV;INDICE DI;;;;;1;;;;
2017;ABR;INDICE DI;;;;;0,79;;;;
2012;OUT;INDICE DI;;;;;0,61;;;;
2020;JUL;INDICE DI;;;;;0,19;;;;
2019;ABR;INDICE DI;;;;;0,52;;;;
2015;ABR;INDICE DI;;;;;0,95;;;;
2018;MAR;INDICE DI;;;;;0,53;;;;
2018;SET;INDICE SELIC;0,84;6,4;6,5;;;;;;
2021;MAR;INDICE SELIC;0,28;1,9;2;;;;;;
2019;JUN;INDICE SELIC;0,74;6,4;6,5;;;;;;
2016;MAR;INDICE SELIC;1,48;14,15;14,25;;;;;;
2021;FEB;INDICE SELIC;1,4;9,15;9,25;;;;;;
2012;OUT;INDICE SELIC;0,82;7,39;7,5;;;;;;
2014;FEB;INDICE SELIC;1,18;10,4;10,5;;;;;;
2012;MAI;INDICE SELIC;0,99;8,9;9;;;;;;
2016;NOV;INDICE SELIC;1,46;13,9;14;;;;;;
2022;AGO;INDICE SELIC;1,68;13,15;13,25;;;;;;
2011;MAR;INDICE SELIC;1,27;11,17;11,25;;;;;;
2017;OUT;INDICE SELIC;1,03;8,15;8,25;;;;;;
2019;FEB;INDICE SELIC;0,65;4,4;4,5;;;;;;
2011;NOV;INDICE SELIC;1,21;11,4;11,5;;;;;;
2011;JUL;INDICE SELIC;1,33;12,17;12,25;;;;;;
2020;DEZ;INDICE SELIC;0,22;1,9;2;;;;;;
2014;ABR;INDICE SELIC;0,93;10,65;10,75;;;;;;
2019;MAR;INDICE SELIC;0,69;6,4;6,5;;;;;;
2016;JUN;INDICE SELIC;1,53;14,15;14,25;;;;;;
2017;FEB;INDICE SELIC;2,6;19,8;20;;;;;;
2013;OUT;INDICE SELIC;1,02;8,9;9;;;;;;
2018;MAI;INDICE SELIC;0,94;6,4;6,5;;;;;;
2022;FEB;INDICE SELIC;2,05;13,65;13,75;;;;;;
2015;ABR;INDICE SELIC;1,81;12,65;12,75;;;;;;
2022;JUN;INDICE SELIC;1,43;12,65;12,75;;;;;;
2020;SET;INDICE SELIC;0,22;1,9;2;;;;;;
2017;MAI;INDICE SELIC;1,35;11,15;11,25;;;;;;
2013;NOV;INDICE SELIC;1,22;9,4;9,5;;;;;;
2012;JAN;INDICE SELIC;0,91;7,14;7,25;;;;;;
2011;ABR;INDICE SELIC;1,46;11,67;11,75;;;;;;
2016;OUT;INDICE SELIC;1,75;14,15;14,25;;;;;;
2011;OUT;INDICE SELIC;1,48;11,9;12;;;;;;
2018;MAR;INDICE SELIC;0,72;6,65;6,75;;;;;;
2019;SET;INDICE SELIC;0,8;5,9;6;;;;;;
2018;JUN;INDICE SELIC;0,59;6,4;6,5;;;;;;
2015;JUN;INDICE SELIC;1,18;13,15;13,25;;;;;;
2020;AGO;INDICE SELIC;0,3;2,15;2,25;;;;;;
2019;OUT;INDICE SELIC;0,63;5,4;5,5;;;;;;
2012;AGO;INDICE SELIC;1,06;7,89;8;;;;;;
2023;MAR;INDICE SELIC;1,69;13,65;13,75;;;;;;
2022;OUT;INDICE SELIC;1,23;13,65;13,75;;;;;;
2014;DEZ;INDICE SELIC;1,05;11,15;11,25;;;;;;
2018;AGO;INDICE SELIC;0,74;6,4;6,5;;;;;;
2011;JAN;INDICE SELIC;1,45;10,9;11;;;;;;
2021;DEZ;INDICE SELIC;0,82;7,65;7,75;;;;;;
2017;ABR;INDICE SELIC;1,51;12,15;12,25;;;;;;
2015;MAR;INDICE SELIC;1,28;12,15;12,25;;;;;;
2022;DEZ;INDICE SELIC;1,43;13,65;13,75;;;;;;
2013;MAI;INDICE SELIC;0,82;7,4;7,5;;;;;;
2014;OUT;INDICE SELIC;1,66;10,9;11;;;;;;
2020;MAR;INDICE SELIC;0,45;4,15;4,25;;;;;;
2020;JUN;INDICE SELIC;0,32;2,9;3;;;;;;
2015;JUL;INDICE SELIC;2;13,65;13,75;;;;;;
2013;AGO;INDICE SELIC;1,13;8,4;8,5;;;;;;
2021;MAI;INDICE SELIC;0,34;2,65;2,75;;;;;;
2016;JAN;INDICE SELIC;1,53;13,65;13,75;;;;;;
2013;MAR;INDICE SELIC;0,9;7,12;7,25;;;;;;
2011;JUN;INDICE SELIC;1,49;11,92;12;;;;;;
2022;MAR;INDICE SELIC;1,13;10,65;10,75;;;;;;
2015;NOV;INDICE SELIC;1,27;14,15;14,25;;;;;;
2013;JAN;INDICE SELIC;1,24;9,9;10;;;;;;
2021;OUT;INDICE SELIC;0,57;6,15;6,25;;;;;;
2015;OUT;INDICE SELIC;1,75;14,15;14,25;;;;;;
2017;SET;INDICE SELIC;1,05;9,15;9,25;;;;;;
2021;JUN;INDICE SELIC;0,39;3,4;3,5;;;;;;
2015;SET;INDICE SELIC;1,32;14,15;14,25;;;;;;
2022;MAI;INDICE SELIC;1,45;11,65;11,75;;;;;;
2012;NOV;INDICE SELIC;0,88;7,14;7,25;;;;;;
2012;JUL;INDICE SELIC;0,93;8,39;8,5;;;;;;
2012;ABR;INDICE SELIC;1,07;9,65;9,75;;;;;;
2020;OUT;INDICE SELIC;0,22;1,9;2;;;;;;
2014;MAI;INDICE SELIC;1,53;10,9;11;;;;;;
2021;;INDICE SELIC;;;4,25;;;;;;
2015;JAN;INDICE SELIC;2,02;14,15;14,25;;;;;;
2013;JUL;INDICE SELIC;0,88;7,9;8;;;;;;
2020;MAI;INDICE SELIC;0,46;3,65;3,75;;;;;;
2020;JAN;INDICE SELIC;0,21;1,9;2;;;;;;
2011;AGO;INDICE SELIC;1,4;12,42;12,5;;;;;;
2016;AGO;INDICE SELIC;1,59;14,15;14,25;;;;;;
2019;MAI;INDICE SELIC;0,82;6,4;6,5;;;;;;
2014;JAN;INDICE SELIC;1,45;11,65;11,75;;;;;;
2018;DEZ;INDICE SELIC;0,69;6,4;6,5;;;;;;
2018;OUT;INDICE SELIC;0,72;6,4;6,5;;;;;;
2018;FEB;INDICE SELIC;0,94;6,4;6,5;;;;;;
2012;MAR;INDICE SELIC;1,3;10,4;10,5;;;;;;
2017;DEZ;INDICE SELIC;0,8;7,4;7,5;;;;;;
2021;SET;INDICE SELIC;0,68;5,15;5,25;;;;;;
2022;SET;INDICE SELIC;1,74;13,65;13,75;;;;;;
2019;JUL;INDICE SELIC;0,72;6,4;6,5;;;;;;
2017;JUL;INDICE SELIC;1,51;10,15;10,25;;;;;;
2013;ABR;INDICE SELIC;0,8;7,16;7,25;;;;;;
2014;SET;INDICE SELIC;1,45;10,9;11;;;;;;
2014;JUL;INDICE SELIC;1,41;10,9;11;;;;;;
2016;ABR;INDICE SELIC;2,02;14,15;14,25;;;;;;
2016;JUL;INDICE SELIC;1,59;14,15;14,25;;;;;;
2019;DEZ;INDICE SELIC;0,55;4,9;5;;;;;;
2011;JUN;DOLAR;;;;-2,16;;;95,2996;-0,06;9946
2021;MAR;DOLAR;;;;1,66;;;355,10344;0,080000000;0
2019;NOV;DOLAR;;;;13,18;;;253,50836;0,55;0
2015;AGO;DOLAR;;;;13,05;;;224,4997;0,47;647793
2011;JAN;DOLAR;;;;1,02;;;103,8642;-0,06;10812
2023;MAR;DOLAR;;;;-3,33;;;161,5465;-0,16;0
2016;SET;DOLAR;;;;2,28;;;195,2704;0,02;331808
2017;MAI;DOLAR;;;;4,21;;;202,0628;0,1;714885
2017;MAR;DOLAR;;;;0,2;;;202,8661;-0,03;811111
2014;FEV;DOLAR;;;;-5,46;;;133,2822;-0,18;149076
2016;DEZ;DOLAR;;;;-8,72;;;207,9824;-0,3;817772
2013;JUL;DOLAR;;;;5,04;;;139,5546;0,1;146418
2021;JUL;DOLAR;;;;4,84;;;160,085;0,26;0
2017;OUT;DOLAR;;;;6,84;;;197,7996;0,26;579578
2011;OUT;DOLAR;;;;-17,54;;;109,653;-0,36;10150
2022;MAR;DOLAR;;;;-8,42;;;154,14399;-0,44;0
2013;FEV;DOLAR;;;;-1,66;;;114,3986;-0,01;3585
2021;SET;DOLAR;;;;5,66;;;158,22139;0,33;0
2023;ABR;DOLAR;;;;-1,45;;;150,44878;-0,08;0
2012;AGO;DOLAR;;;;-2,76;;;127,589;-0,06;31222
2018;JUL;DOLAR;;;;-7,08;;;252,1956;-0,28;99766
2019;MAI;DOLAR;;;;0,980000000;;;255,8119;0;0
2019;FEV;DOLAR;;;;5,92;;;211,7895;0,2;0
2013;NOV;DOLAR;;;;10,22;;;137,9322;0,22;132084
2011;FEV;DOLAR;;;;-0,34;;;95,0035;0;8953
2016;JUL;DOLAR;;;;2,6;;;209,4846;0,07;328233
2020;FEV;DOLAR;;;;8,76;;;252,1502;0,42;0
2012;JUN;DOLAR;;;;-2,7;;;126,8926;-0,07;33421
2014;SET;DOLAR;;;;18,82;;;140,3088;0,44;51822
2012;JUL;DOLAR;;;;4,8;;;125,6726;0,08;29570
2018;FEV;DOLAR;;;;3,82;;;181,8744;0,1;824682
2021;ABR;DOLAR;;;;-6,82;;;334,7666;-0,42;0
2019;DEZ;DOLAR;;;;-10,56;;;254,74036;-0,42;0
2012;NOV;DOLAR;;;;10,16;;;123,9376;0,22;11084
2022;OUT;DOLAR;;;;-4,15;;;163,12072;-0,22;0
2013;OUT;DOLAR;;;;0,64;;;139,9583;0,02;139222
2018;AGO;DOLAR;;;;16,08;;;251,3001;0,62;0
2013;JUN;DOLAR;;;;8,18;;;132,6612;0,16;152967
2016;NOV;DOLAR;;;;13,21;;;207,8043;0,46;328099
2018;JAN;DOLAR;;;;-8,72;;;205,3357;-0,28;827168
2020;JUN;DOLAR;;;;5,56;;;311,6567;0,24;0
2019;ABR;DOLAR;;;;-0,18;;;233,9859;-0,02;0
2020;OUT;DOLAR;;;;4,8;;;360,29782;0,24;0
2017;FEV;DOLAR;;;;-2,66;;;173,9199;-0,08;598544
2011;MAR;DOLAR;;;;-3,84;;;102,892;-0,08;10936
2015;SET;DOLAR;;;;18,24;;;234,2302;0,66;579392
2012;ABR;DOLAR;;;;9,26;;;111,199;0,18;31228
2013;DEZ;DOLAR;;;;3,27;;;147,7925;0,04;150905
2022;JUL;DOLAR;;;;-1,39;;;166,13813;-0,080000000;0
2022;MAI;DOLAR;;;;-4,79;;;153,41531;-0,25;0
2013;MAR;DOLAR;;;;5,02;;;123,0272;0,14;3540
2021;JUN;DOLAR;;;;-9,56;;;311,74686;-0,54;0
2014;MAI;DOLAR;;;;0,320000000;;;137,7729;-0,02;78494
2016;MAR;DOLAR;;;;-23,05;;;236,0551;-0,88;559706
2015;JAN;DOLAR;;;;2,66;;;168,8368;0,08;52108
2016;AGO;DOLAR;;;;-0,600000000;;;198,9667;-0,08;360028
2017;ABR;DOLAR;;;;3,26;;;194,6945;0,12;593090
2017;NOV;DOLAR;;;;0,22;;;199,1207;0,02;736333
2019;OUT;DOLAR;;;;-6,62;;;253,1716;-0,26;0
2020;NOV;DOLAR;;;;-14,5;;;325,89838;-0,84;0
2015;ABR;DOLAR;;;;-10,9;;;189,0211;-0,35;55871
2012;MAI;DOLAR;;;;12,02;;;122,8402;0,24;33504
2021;NOV;DOLAR;;;;-0,12;;;177,8726;-0,02;0
2017;JUN;DOLAR;;;;4,98;;;197,733;0,16;585862
2016;JAN;DOLAR;;;;2,06;;;258,8926;0,04;442760
2011;NOV;DOLAR;;;;10,68;;;107,3322;0,22;17928
2018;JUN;DOLAR;;;;8,32;;;226,5108;0,3;1179610
2017;SET;DOLAR;;;;1,08;;;187,8352;0,04;552702
2018;SET;DOLAR;;;;-1,02;;;254,1605;-0,08;0
2015;OUT;DOLAR;;;;-4,26;;;240,3477;-0,14;527134
2014;JUL;DOLAR;;;;5,32;;;137,9426;0,14;50374
2023;MAI;DOLAR;;;;1,41;;;154,20674;0,1;0
2012;JAN;DOLAR;;;;-12,42;;;111,0056;-0,2;2922
2021;AGO;DOLAR;;;;-1,04;;;162,8868;-0,05;0
2019;JUL;DOLAR;;;;-1,96;;;238,0607;-0,08;0
2012;FEV;DOLAR;;;;-4,66;;;102,9789;-0,06;18236
2013;SET;DOLAR;;;;-14,18;;;136,0306;-0,32;191844
2015;FEV;DOLAR;;;;11,32;;;163,2504;0,24;49244
2011;ABR;DOLAR;;;;-7,63;;;97,979000000;-0,2;9768
2020;MAR;DOLAR;;;;31,32;;;316,8514;1,54;0
2021;OUT;DOLAR;;;;3,57;;;177,07682;0,2;0
2012;OUT;DOLAR;;;;0,5;;;127,8634;0,04;27379
2016;OUT;DOLAR;;;;-3,76;;;198,0653;-0,12;331280
2016;ABR;DOLAR;;;;-7,54;;;213,0828;-0,3;481244
2013;AGO;DOLAR;;;;9,93;;;147,4682;0,21;195568
2020;DEZ;DOLAR;;;;-5,12;;;313,85126;-0,36;0
2014;DEZ;DOLAR;;;;6,62;;;164,0858;0,16;52352
2014;OUT;DOLAR;;;;1,01;;;154,4528;0,03;54670
2017;AGO;DOLAR;;;;1,34;;;195,5722;0,08;629144
2020;JUL;DOLAR;;;;-9,56;;;333,35934;-0,57;0
2013;ABR;DOLAR;;;;-2,14;;;119,9436;-1,040834086e-17;222522
2020;MAI;DOLAR;;;;-3,52;;;353,2279;-0,23;0
2013;JAN;DOLAR;;;;-6,2;;;125,9352;-0,14;7020
2014;JUN;DOLAR;;;;-3,18;;;136,2055;-0,08;56544
2019;JUN;DOLAR;;;;-3,74;;;231,8197;-0,12;0
2011;DEZ;DOLAR;;;;6,04;;;113,9096;0,1;7880
2023;FEV;DOLAR;;;;3,27;;;150,26318;0,14;0
2022;AGO;DOLAR;;;;0,31;;;159,2744;-0,01;0
2015;DEZ;DOLAR;;;;4,2;;;248,2679;0,15;543412
2021;DEZ;DOLAR;;;;-0,840000000;;;186,66282;-0,05;0
2017;DEZ;DOLAR;;;;2,48;;;204,4876;0,06;720522
2021;MAI;DOLAR;;;;-8,1;;;328,59882;-0,46;0
2019;SET;DOLAR;;;;0,800000000;;;251,32165;0,03;0
2018;MAR;DOLAR;;;;3,86;;;206,56265;0,07;844439
2015;MAI;DOLAR;;;;10,72;;;189,5606;0,34;58920
2022;NOV;DOLAR;;;;0,250000000;;;163,42254;0,01;0
2018;DEZ;DOLAR;;;;0,380000000;;;241,0292;-0,02;0
2022;ABR;DOLAR;;;;4,99;;;142,34748;0,24;0
2022;JUN;DOLAR;;;;10,62;;;151,59029;0,54;0
2022;DEZ;DOLAR;;;;2;;;162,65024;0,06;0
2015;NOV;DOLAR;;;;0,86;;;227,3158;5,204170428e-18;576964
2022;FEV;DOLAR;;;;-2,68;;;145,61521;-0,16;0
2021;FEV;DOLAR;;;;5,1;;;297,96776;0,3;0
2020;AGO;DOLAR;;;;10,48;;;337,6993;0,5;0
2014;MAR;DOLAR;;;;-7,5;;;144,2024;-0,2;174242
2014;AGO;DOLAR;;;;-2,98;;;145,1072;-0,05;47344
2017;JAN;DOLAR;;;;-6,24;;;198,1697;-0,22;729944
2020;JAN;DOLAR;;;;12,28;;;268,82304;0,52;0
2016;MAI;DOLAR;;;;8,94;;;219,3794;0,32;512302
2013;MAI;DOLAR;;;;13,14;;;126,2192;0,26;58684
2012;DEZ;DOLAR;;;;-7,96;;;128,966;-0,18;11948
2014;ABR;DOLAR;;;;-0,480000000;;;136,2027;-0,06;124655
2011;JUL;DOLAR;;;;-1,6;;;96,8148;-0,06;10220
2014;JAN;DOLAR;;;;4,12;;;147,475;0,08;172100
2020;ABR;DOLAR;;;;11,1;;;319,04598;0,52;0
2020;SET;DOLAR;;;;2,85;;;329,3173;0,15;0
2011;SET;DOLAR;;;;34,36;;;104,492;0,56;10436
2019;AGO;DOLAR;;;;17;;;249,1972;0,68;0
2012;MAR;DOLAR;;;;12,9;;;111,0662;0,22;31100
2019;JAN;DOLAR;;;;-11,98;;;269,4845;-0,46;0
2023;JUN;DOLAR;;;;-4,72;;;78,39184;-0,24;0
2018;NOV;DOLAR;;;;6;;;234,1609;0,24;0
2021;JAN;DOLAR;;;;11,65;;;348,4639;0,62;0
2018;ABR;DOLAR;;;;11,48;;;204,3772;0,36;889932
2015;MAR;DOLAR;;;;24,04;;;194,976;0,72;56336
2011;AGO;DOLAR;;;;6,2;;;102,2784;0,09;11158
2016;FEV;DOLAR;;;;1,22;;;230,3041;0,02;446404
2011;MAI;DOLAR;;;;0,64;;;99,999;0,02;10280
2019;MAR;DOLAR;;;;8,64;;;242,2619;0,35;0
2018;OUT;DOLAR;;;;-15,76;;;232,9636;-0,6;0
2014;NOV;DOLAR;;;;7,94;;;158,2642;0,16;51738
2012;SET;DOLAR;;;;-0,28;;;121,5296;0,02;27944
2017;JUL;DOLAR;;;;-11,04;;;198,6159;-0,4;439094
2022;JAN;DOLAR;;;;-4,81;;;165,74373;-0,26;0
2016;JUN;DOLAR;;;;-23,34;;;205,4228;-0,82;429774
2018;MAI;DOLAR;;;;13,79;;;228,9043;0,5;1030687
2015;JUN;DOLAR;;;;-4,74;;;186,8844;-0,18;100762
2022;SET;DOLAR;;;;4,5;;;156,87561;0,23;0
2023;JAN;DOLAR;;;;-3,97;;;160,82525;-0,22;0
2015;JUL;DOLAR;;;;20,06;;;199,8116;0,64;219160
